{
    "Fresh": {
        "precision": 0.9417808219178082,
        "recall": 0.9649122807017544,
        "f1-score": 0.9532062391681109,
        "support": 570.0
    },
    "Rotten": {
        "precision": 0.9568034557235421,
        "recall": 0.9287211740041929,
        "f1-score": 0.9425531914893617,
        "support": 477.0
    },
    "accuracy": 0.9484240687679083,
    "macro avg": {
        "precision": 0.9492921388206752,
        "recall": 0.9468167273529736,
        "f1-score": 0.9478797153287363,
        "support": 1047.0
    },
    "weighted avg": {
        "precision": 0.9486249444825982,
        "recall": 0.9484240687679083,
        "f1-score": 0.9483528449534372,
        "support": 1047.0
    }
}