{"accuracy": [0.6573253870010376, 0.799299418926239, 0.8493715524673462, 0.8718318343162537, 0.887492299079895, 0.8940861225128174, 0.9019163250923157, 0.9074798822402954, 0.9091283679008484, 0.9124252796173096, 0.9192252159118652, 0.9225221276283264, 0.9233464002609253, 0.9276735782623291, 0.9280857443809509], "loss": [0.6666707396507263, 0.4372328221797943, 0.34698379039764404, 0.2981335520744324, 0.27368849515914917, 0.2513442039489746, 0.24109940230846405, 0.23263724148273468, 0.22554659843444824, 0.21495884656906128, 0.20439450442790985, 0.19857701659202576, 0.1953982412815094, 0.18579669296741486, 0.18892930448055267], "val_accuracy": [0.8538681864738464, 0.9006685614585876, 0.922636091709137, 0.9264565706253052, 0.9331423044204712, 0.934097409248352, 0.9379178881645203, 0.9369627237319946, 0.9388729929924011, 0.939828097820282, 0.939828097820282, 0.946513831615448, 0.9484240412712097, 0.9436485171318054, 0.9446036219596863], "val_loss": [0.38311874866485596, 0.29419851303100586, 0.25190383195877075, 0.22930113971233368, 0.2147597223520279, 0.2044042944908142, 0.1950845569372177, 0.18920941650867462, 0.18464262783527374, 0.18007634580135345, 0.1741778701543808, 0.17299312353134155, 0.16651859879493713, 0.16315911710262299, 0.16265450417995453]}